{
    "display": {
        "title": "Craft/Use Raijin                                                                      ",
        "description": "Drop any trident, an eye of ender and a name tag on top of an enchanting table, rename another eye of ender to 'Raijin', the trident will be transformed and you recieve a special item. \nThrow the trident and right click the raijin item to teleport to the thrown trident. \nRename an eye of ender to 'Raijin' to get a spare raijin link. \nPack By Infamous\nUpdated frequently,\nCreated with the help of M.R. Programs <3",
        "icon": {
            "item": "minecraft:heart_of_the_sea"
        },
        "announce_to_chat": false,
        "show_toast": false
    },
    "parent": "main:main/raijin_pack",
    "criteria": {
        "trigger": {
            "trigger": "minecraft:tick"
        }
    }
}