{
    "display": {
        "title": "Use Raijin                                                                      ",
        "description": "Throw a trident and right click a carrot on a stick to teleport to the thrown trident. \nPack By Infamous \nThis is a legacy version. \nCreated with the help of M.R. Programs <3",
        "icon": {
            "item": "minecraft:heart_of_the_sea"
        },
        "announce_to_chat": false,
        "show_toast": false
    },
    "parent": "main:main/raijin_pack",
    "criteria": {
        "trigger": {
            "trigger": "minecraft:tick"
        }
    }
}