{
  "display": {
    "icon": {
      "item": "minecraft:ender_eye"
    },
    "title": {
      "text":"craft_raijin"
    },
    "description": {
      "text":""
    },
    "frame": "task",
    "show_toast": false,
    "announce_to_chat": false,
    "hidden": false
  },
  "criteria": {
    "craft_raijin": {
      "trigger": "minecraft:inventory_changed",
      "conditions": {
        "items": [
          {
            "item": "minecraft:ender_eye",
          "nbt": "{ display: {Name: '{\"text\":\"Raijin\"}'}}"
          }
        ]
      }
    }
  },
  "rewards": {
    "function": "raijin:craft_link"
  }
}