{
    "display": {
        "title": "Raijin V11.2           ",
        "description": "/trigger raijin_help - For help with Raijin.\nPack By Infamous\nUpdated frequently,\nCreated with the help of M.R. Programs <3",
        "icon": {
            "item": "minecraft:heart_of_the_sea"
        },
        "announce_to_chat": false,
        "show_toast": false
    },
    "parent": "main:main/raijin_pack",
    "criteria": {
        "trigger": {
            "trigger": "minecraft:tick"
        }
    }
}